{"cameraMode":{"drawMode":0,"name":"Shaded","section":"Shading Mode"},"sceneLighting":true,"audioPlay":false,"sceneViewState":{"showFog":true,"showMaterialUpdate":false,"showSkybox":true,"showFlares":true,"showImageEffects":true,"showParticleSystems":true},"in2DMode":false,"pivot":{"x":635.2479858398438,"y":1237.8427734375,"z":-4.227294921875},"rotation":{"x":0.09626204520463944,"y":0.338219553232193,"z":-0.03417429327964783,"w":0.9356600046157837},"size":1973.5216064453125,"orthographic":false}